video_names,video_length,video_frame_rate
A_Bay.mp4,375,25
A_Boat.mp4,450,30
A_Coffee.mp4,450,30
A_DubaiAtNight.mp4,449,30
A_Grid.mp4,450,30
A_NightBar.mp4,375,25
A_NightStars.mp4,450,30
A_NightStreet.mp4,450,30
A_Parade.mp4,350,25
A_ShootingBall.mp4,375,25
A_SkyPark.mp4,375,25
A_Store.mp4,375,25
A_Street.mp4,375,25
A_Supertree.mp4,375,25
A_ViewFromSky.mp4,375,25
A_Woman.mp4,450,30
B_BehindTree.mp4,375,25
B_Bund.mp4,375,25
B_DubrovnikCity.mp4,450,30
B_Fountain.mp4,375,25
B_FountainPark.mp4,375,25
B_JapanNightStreet.mp4,450,30
B_Jongleur.mp4,375,25
B_NightFlyover.mp4,450,30
B_NightFountain.mp4,375,25
B_Pedestrian.mp4,375,25
B_SnackStreet.mp4,450,30
D_Shrine.mp4,450,30
E_Fountain.mp4,375,25
E_HolyAngel.mp4,375,25
E_Horse.mp4,375,25
E_NorthKorea.mp4,449,30
E_NorthKoreaStreet.mp4,450,30
E_OverlookForumRoad.mp4,375,25
E_ViewFriomSpanish.mp4,375,25
E_ViewFromCastle.mp4,375,25
E_ViewFromSite.mp4,375,25
H_NightView.mp4,449,30
p_AmsterdamRedLightDistrict.mp4,375,25
p_Bangkok.mp4,479,30
p_BangkokTemple.mp4,450,30
p_BrooklynBridge.mp4,375,25
p_BudapestBuilding.mp4,375,25
p_CloudForest.mp4,375,25
p_DayInSingapore.mp4,375,25
p_DenmarkCopenhagen.mp4,375,25
p_EiffelTower.mp4,375,25
p_FreshStore.mp4,375,25
p_LondonEye.mp4,375,25
p_NationalMemorialMuseum.mp4,375,25
p_SantaMonicaPier.mp4,375,25
p_ShakespeareGlobeOpera.mp4,375,25
p_SuperkilenPark.mp4,375,25
p_ViennaMuseum.mp4,375,25
B_DisneylandParis.mp4,450,30
B_Port.mp4,350,25
B_Street.mp4,449,30
B_ViewFromPark.mp4,350,25
C_BigBen.mp4,450,30
C_LondonBridge.mp4,450,30
C_NightCity.mp4,449,30
D_KishiwadaFestival1.mp4,449,30
D_KishiwadaFestival2.mp4,450,30
D_NightParade.mp4,449,30
D_ReligiousProcess.mp4,450,30
D_ViewFormTemple.mp4,450,30
E_MetoStation.mp4,375,25
E_NightPyongyang.mp4,450,30
E_Panmunjom.mp4,450,30
E_PyongyangMorning.mp4,449,30
E_Square.mp4,450,30
E_SunSquare.mp4,375,25
E_ViewStreet.mp4,375,25
F_StartHauntedHouse.mp4,450,30
H_KowloonPark.mp4,449,30
H_Pigeon.mp4,449,30
K_NightBay.mp4,449,30
L_Fireworks.mp4,450,30
M_Dabbagh.mp4,449,30
M_DanceInTemple.mp4,450,30
M_Hamlet.mp4,450,30
M_HolyRoundabout.mp4,450,30
M_KrishnaTemple.mp4,450,30
M_MatarStreet.mp4,449,30
M_Nepal.mp4,449,30
M_Shwedagon.mp4,449,30
p_CatMuseum.mp4,479,30
p_CliffJumping.mp4,450,30
p_Countyard.mp4,479,30
p_ElephantsOnTheBrink.mp4,450,30
p_GiantPuppy.mp4,449,30
p_Giraffe.mp4,375,25
p_Lemur.mp4,375,25
p_Lion.mp4,375,25
p_MountainGorillas.mp4,450,30
p_NuclearExplosion.mp4,450,30
p_Rabbit.mp4,450,30
p_RoyalBalcony.mp4,375,25
p_StreetMusician.mp4,345,23
p_StreetMusician1.mp4,345,23
A_Beach.mp4,450,30
A_Fire.mp4,420,30
A_Flame.mp4,450,30
A_Massif.mp4,450,30
A_Seaside.mp4,450,30
A_SnowField.mp4,449,30
A_Sunrise.mp4,450,30
A_Tower.mp4,450,30
A_Wood.mp4,450,30
B_Aquarium.mp4,375,25
B_Brook.mp4,450,30
B_Cave.mp4,449,30
B_Cliff.mp4,375,25
B_Fowl.mp4,375,25
B_Jog.mp4,450,30
B_Lion.mp4,419,30
B_LionDrink.mp4,449,30
B_Massif.mp4,450,30
B_OnLightTower.mp4,450,30
B_Peak.mp4,900,60
B_Robbit.mp4,375,25
B_Seabird.mp4,450,30
B_SharkEncounter1.mp4,450,30
B_SharkEncounter2.mp4,449,30
B_SnowMountain.mp4,450,30
B_StatePark.mp4,450,30
B_Stream.mp4,449,30
C_Cloud.mp4,450,30
C_Nest.mp4,450,30
D_Falls.mp4,449,30
D_Riverbanks.mp4,449,30
D_Sunset.mp4,450,30
D_TempleSunrise.mp4,450,30
D_TempleSunset.mp4,449,30
D_Tibetan.mp4,450,30
E_Ghat.mp4,375,25
E_PalatineHill.mp4,375,25
I_Beach.mp4,360,24
I_CatAndDog.mp4,360,24
I_CatCoffee.mp4,360,24
I_CatVSDog.mp4,360,24
M_Street.mp4,449,30
M_TempleTraffic.mp4,450,30
M_ViewFromHamlet.mp4,450,30
p_Carriage.mp4,375,25
p_Cyberharcelement.mp4,450,30
p_FishermanBastion.mp4,375,25
p_InsidePalaceTerminal.mp4,375,25
p_JesusScenicSpot.mp4,375,25
p_JourneyOfSpace.mp4,450,30
p_LittleMermaidStatue.mp4,375,25
p_MiCorto.mp4,450,30
p_NotreDameInterior.mp4,375,25
p_PalaceInBuilding.mp4,375,25
p_PalaceOfVersailles.mp4,375,25
p_ParisExperience.mp4,450,30
p_PriestsAtTheVatican.mp4,450,30
p_RoyalPalace.mp4,375,25
p_StovePray.mp4,375,25
p_TowerOfLondon.mp4,375,25
A_BeginWorldCup.mp4,450,30
A_Euro.mp4,449,30
A_MorningFlight.mp4,375,25
A_NightFlight.mp4,450,30
A_StreetDance.mp4,450,30
A_StreetDance1.mp4,375,25
B_AncientTown.mp4,375,25
B_Ballon.mp4,375,25
B_BallonFlight.mp4,375,25
B_BeachDance.mp4,375,25
B_Car.mp4,450,30
B_CliffDiving.mp4,375,25
B_Driving.mp4,450,30
B_Hike.mp4,450,30
B_InCar1.mp4,375,25
C_DargonBoat.mp4,449,30
C_RacingBicycle.mp4,450,30
C_RappelDown1.mp4,750,50
F_BridegOpening1.mp4,449,30
F_BridegOpening2.mp4,449,30
F_CartoonBearShow1.mp4,450,30
F_InTunnel.mp4,449,30
F_JungleCruise1.mp4,450,30
F_JungleCruise2.mp4,450,30
F_SightseeingYacht1.mp4,450,30
G_Resturant.mp4,360,24
J_Cactus.mp4,360,24
J_MeteorCrater.mp4,360,24
J_MeteorMuseum.mp4,359,24
J_NationPark.mp4,336,24
J_NationParkPath.mp4,360,24
J_Oxyshpere.mp4,359,24
J_PathInForest.mp4,359,24
J_Skywalk1.mp4,360,24
J_Skywalk2.mp4,360,24
J_SnowMountain.mp4,360,24
J_SpiderRock.mp4,360,24
K_Avatar1.mp4,450,30
K_RollerCoaster1.mp4,450,30
L_Beach.mp4,450,30
L_Dusk.mp4,450,30
L_Girl.mp4,449,30
L_Monkey.mp4,450,30
L_MorningBeach.mp4,450,30
L_NightBeach.mp4,449,30
M_SunsetPoint.mp4,449,30
M_SunsetPoint1.mp4,450,30
p_Aircraft.mp4,450,30
p_CarCrash.mp4,375,25
p_Cosplay.mp4,450,30
p_CrowdReacts.mp4,750,50
p_Fridge.mp4,375,25
p_HotAirBalloon.mp4,375,25
p_LifeOfJerkMan.mp4,449,30
p_LionKing.mp4,450,30
p_SpeedFlying.mp4,479,30
p_Student.mp4,360,24
p_TraditionalChinesefood.mp4,375,25
p_UnderTrain.mp4,360,24
p_WindowKids.mp4,479,30
A_Church.mp4,450,30
A_GreatWall.mp4,449,30
A_InsideSite.mp4,450,30
A_MariammanTemple.mp4,375,25
A_Park.mp4,450,30
A_PlayMusic.mp4,449,30
A_Pray.mp4,375,25
A_Temple.mp4,450,30
A_Temple1.mp4,375,25
A_TheClock.mp4,450,30
A_WildTemple.mp4,450,30
A_WorldCup.mp4,450,30
B_Buddha.mp4,449,30
B_Dancer2.mp4,359,24
B_Dancers.mp4,450,30
B_FilmingSite.mp4,359,24
B_FireShow.mp4,450,30
B_GoldenTemple.mp4,450,30
B_InCar2.mp4,375,25
B_IndoorDance.mp4,449,30
B_PlayMusic.mp4,449,30
B_Racing.mp4,419,30
B_Robot3.mp4,360,24
B_ScenicSpot.mp4,375,25
B_StartShow.mp4,450,30
B_StreetDance.mp4,900,60
B_VarietyShow.mp4,375,25
C_BandBattle.mp4,449,30
C_DanceShow1.mp4,750,50
C_Divas.mp4,750,50
C_Diving.mp4,899,60
C_Drifting1.mp4,750,50
C_Gliding.mp4,449,30
C_Raceway.mp4,450,30
C_RappelDown2.mp4,750,50
C_Skining.mp4,900,60
C_Surfing.mp4,750,50
C_TFNW2.mp4,450,30
D_Driver.mp4,450,30
D_NightMovie.mp4,449,30
D_NightShrine1.mp4,449,30
D_NightShrine2.mp4,450,30
E_Hiking.mp4,375,25
E_OnTrain.mp4,450,30
F_BearShowEnd.mp4,449,30
F_DisneylandShow.mp4,450,30
F_SightseeingYacht2.mp4,450,30
F_SightseeingYacht3.mp4,449,30
H_WaterSailing.mp4,450,30
I_Boxing.mp4,450,30
I_GameBattle1.mp4,450,30
I_SpiderMan1.mp4,450,30
K_KumbuStupa.mp4,450,30
K_RollerCoaster2.mp4,449,30
K_RollerCoaster3.mp4,449,30
L_RanTrain.mp4,450,30
L_ThreeWheeler1.mp4,450,30
L_ThreeWheeler2.mp4,450,30
L_TrainDrewIn.mp4,450,30
L_TrainScenery.mp4,450,30
A_AncientTown.mp4,450,30
A_BronzeStatue.mp4,420,30
A_InChurch.mp4,450,30
A_InsideChurch.mp4,450,30
A_InsideTemple.mp4,450,30
A_NightTemple.mp4,450,30
A_OutsideTemple.mp4,450,30
B_Cathedral.mp4,375,25
B_CubaStreet.mp4,843,56
B_MickeyMouse.mp4,450,30
B_Mural.mp4,449,30
B_OnBridge.mp4,375,25
B_Park.mp4,375,25
B_PooL.mp4,450,30
B_Robot1.mp4,360,24
B_SpongeBob2.mp4,450,30
B_SuspensionBridge1.mp4,449,30
B_SuspensionBridge2.mp4,449,30
B_SuzhouGardens.mp4,375,25
C_BerlinChurch.mp4,450,30
C_Drifting2.mp4,450,30
D_BaptistChurch.mp4,450,30
D_BuddhaCave.mp4,449,30
D_ConfucianTemple.mp4,450,30
D_HeavenTemple.mp4,449,30
D_InsideHangingTemple.mp4,360,30
D_InsideMonsatery.mp4,450,30
D_JapanTemple1.mp4,449,30
D_OutsideGrottoes.mp4,450,30
D_PigeonOnEaves.mp4,450,30
D_StoneBuddha.mp4,450,30
E_Arch.mp4,375,25
E_ForumRoad.mp4,375,25
E_InsideLibrary.mp4,449,30
E_PeopleLibrary.mp4,450,30
E_RomanChurch.mp4,375,25
E_RomanTemple.mp4,375,25
E_SpyShip.mp4,450,30
F_Firework1.mp4,450,30
F_Firework2.mp4,449,30
G_BelligioFountainShow1.mp4,360,24
G_CircusHotel1.mp4,360,24
G_Fountain1.mp4,360,24
G_IndoorFountainShow1.mp4,360,24
G_NightFountainShow1.mp4,360,24
G_StreetLightShow2.mp4,360,24
G_StreetShow1.mp4,360,24
G_VolcanoShow1.mp4,359,24
G_VolcanoShow2.mp4,360,24
H_Cemetery.mp4,899,60
H_DarkPalace.mp4,420,30
H_EveningPrayer.mp4,450,30
H_Mosque.mp4,450,30
H_Prayer.mp4,900,60
H_Ruins.mp4,449,30
H_TheChildInPalace.mp4,450,30
I_BoxingMatch.mp4,450,30
I_Dinosaur1.mp4,450,30
I_GameBattle3.mp4,450,30
I_HelpWanted.mp4,450,30
I_HotelTop.mp4,360,24
I_MyWorld.mp4,900,60
I_NightAvenue.mp4,360,24
I_NightStreet.mp4,360,24
I_OnShip.mp4,450,30
I_SpiderMan2.mp4,450,30
I_SpongeBob1.mp4,450,30
I_Street.mp4,360,24
J_Casa.mp4,360,24
J_InCasa.mp4,360,24
K_BuddhasRoad.mp4,450,30
M_Bowing.mp4,450,30
p_HogRider.mp4,450,30
p_SolarEclipse.mp4,360,24
p_TeaCupPuppies.mp4,300,20
A_FlowerDemo.mp4,375,25
A_Grassland.mp4,450,30
A_NightBar2.mp4,450,30
A_ParadeChaos.mp4,450,30
A_WatchBallGame.mp4,449,30
B_CGCastle1.mp4,375,25
B_Concert1.mp4,450,30
B_Dance2.mp4,900,60
B_Dancer1.mp4,360,24
B_Everest.mp4,450,30
B_FriedNoodles.mp4,450,30
B_Man.mp4,450,30
B_Restaurant.mp4,450,30
B_Robot2.mp4,360,24
C_Band1.mp4,750,50
C_Band3.mp4,450,30
C_Band4.mp4,450,30
C_Driving1.mp4,450,30
C_MusicShow1.mp4,450,30
C_MusicShow2.mp4,449,30
C_TFNW1.mp4,450,30
D_ErlangTemple.mp4,449,30
D_FunkyRoof.mp4,449,30
D_GaintBuddha.mp4,449,30
D_HallOfPrayer.mp4,449,30
D_HangingTemple.mp4,450,30
D_Kathmandu1.mp4,420,30
D_Kathmandu2.mp4,450,30
D_LingbaoPagoda.mp4,449,30
D_LingyunTemple.mp4,450,30
D_MaryCathedral.mp4,450,30
D_MaryChurch.mp4,450,30
D_Mascot.mp4,449,30
D_Monastery.mp4,450,30
D_YunGrottoes1.mp4,449,30
E_OnSpyShip.mp4,449,30
F_BirdShow2.mp4,449,30
F_CartoonBearShow2.mp4,450,30
F_CartoonBearShow4.mp4,449,30
F_Firework3.mp4,449,30
G_BelligioFountainShow2.mp4,360,24
G_CircusHotel2.mp4,359,24
G_Fountain2.mp4,360,24
G_IndoorFountainShow2.mp4,360,24
G_IndoorFountainShow3.mp4,359,24
G_LakeShow.mp4,359,24
G_NightFountainShow2.mp4,359,24
G_NightFountainShow3.mp4,359,24
H_InsidePalace.mp4,449,30
H_NightfallMosque.mp4,449,30
H_Palace.mp4,449,30
I_Dinosaur2.mp4,450,30
I_Ferry.mp4,450,30
I_GameBattle2.mp4,450,30
I_SpongeBob2.mp4,450,30
I_Squidward.mp4,450,30
M_Cart.mp4,450,30
M_Cathedral.mp4,450,30
M_CaveChurch.mp4,900,60
M_CaveTemple.mp4,449,30
M_GreatMosque.mp4,449,30
M_Hall.mp4,479,30
M_InsideChurch.mp4,449,30
M_InsideMosque.mp4,449,30
M_Madrasah.mp4,450,30
M_Mosque.mp4,449,30
M_NativityChurch.mp4,450,30
M_NightShwedagon.mp4,450,30
M_OldSynagogue.mp4,449,30
M_OutsideChurch.mp4,450,30
M_OutsideMosque.mp4,449,30
M_StoneBuliding.mp4,449,30
M_SulePaya.mp4,450,30
M_WishingWell.mp4,450,30
M_Workship.mp4,450,30
A_Bar.mp4,450,30
A_Bar3.mp4,449,30
A_Fans.mp4,450,30
B_CGCastle2.mp4,375,25
B_CGStatue.mp4,375,25
B_Concert2.mp4,449,30
B_Dance1.mp4,900,60
B_Dining.mp4,843,56
B_Doll.mp4,449,30
B_Fishing.mp4,842,56
B_FruitStore.mp4,375,25
B_Gallery.mp4,450,30
B_HairCut.mp4,842,56
B_Resturant.mp4,375,25
B_RideInCar.mp4,450,30
B_Subway.mp4,700,50
B_WashCar.mp4,842,56
C_Band2.mp4,450,30
C_DargonBoatTeam.mp4,420,30
C_FlightTest.mp4,449,30
C_FlightTestOver.mp4,449,30
C_Testing.mp4,750,50
D_Buddhist.mp4,449,30
D_BurnIncense.mp4,450,30
D_SacredCamphorTree.mp4,450,30
D_ThreeChildren.mp4,449,30
D_YunGrottoes2.mp4,449,30
D_YunGrottoes3.mp4,450,30
E_BonfireNight1.mp4,449,30
E_BonfireNight2.mp4,449,30
E_BottlingPlant1.mp4,449,30
E_BottlingPlant2.mp4,449,30
E_DownFloor.mp4,450,30
E_PingPong.mp4,420,30
F_BirdShow1.mp4,449,30
F_CartoonBearShow3.mp4,479,30
F_Firework4.mp4,450,30
F_InHauntedHouse.mp4,450,30
F_PartyParade2.mp4,450,30
G_NewYearDisplay1.mp4,360,24
G_NewYearDisplay2.mp4,360,24
G_StreetLightShow1.mp4,360,24
G_StreetLightShow3.mp4,360,24
G_StreetShow2.mp4,359,24
I_WhiteShark.mp4,450,30
I_WildWind.mp4,450,30
I_Yacht.mp4,360,24
K_Avatar2.mp4,450,30
K_GameOver.mp4,450,30
K_Movie.mp4,450,30
K_PlayGames.mp4,450,30
K_WatchingFilm1.mp4,450,30
K_WatchingFilm2.mp4,450,30
L_TrainStation.mp4,450,30
L_TrainTunnel.mp4,449,30
M_Cathedral1.mp4,450,30
M_CaveTemple1.mp4,449,30
M_CaveTemple3.mp4,450,30
M_Chanting.mp4,450,30
M_Christianity.mp4,450,30
M_CityChurch.mp4,450,30
M_Cloud.mp4,900,60
M_DhammayangyiTemple.mp4,449,30
M_GrandMosque.mp4,449,30
M_LightFloor.mp4,450,30
M_NightLake.mp4,450,30
M_NightShwedagon1.mp4,450,30
M_NightWorship.mp4,450,30
M_OldCity.mp4,450,30
M_RockyMountains.mp4,450,30
M_Shwedagon1.mp4,450,30
M_Soldier.mp4,450,30
